valence,arousal
-0.29012015484273435,-0.28853247709572316
-0.2802403096854687,-0.27706495419144633
-0.27036046452820306,-0.2655974312871695
-0.2604806193709374,-0.2541299083828927
-0.2506007742136718,-0.24266238547861582
-0.2407209290564061,-0.23119486257433897
-0.23084108389914043,-0.2197273396700621
